zip,wib_rate_per_1000_homes,median_household_income_usd,pct_black
48211,117.2,35078,40
48213,96.7,33659,95
48238,82.3,29692,93
48204,78.7,29224,89
48205,76.7,42671,94
48227,69.3,33579,96
48224,67.2,41011,89
48228,57.2,33229,74
48206,56.9,36641,85
48235,55.9,38901,95
48234,53.0,35667,95
48219,49.7,41312,88
48215,47.9,32873,89
48203,43.1,34610,87
48210,41.9,36073,19
48221,40.5,51181,87
48223,39.5,41587,88
48217,38.5,45870,83
48208,34.9,24046,68
48214,34.1,31833,80
48202,29.4,34244,62
48209,29.0,37222,6
48212,25.3,37309,21
48216,21.8,41066,37
48207,13.6,43960,76
48226,12.5,71875,45
48239,6.0,67570,57
48201,4.2,22243,62
